{"cameraMode":{"drawMode":0,"name":"Shaded","section":"Shading Mode"},"sceneLighting":true,"audioPlay":false,"sceneViewState":{"showFog":true,"showMaterialUpdate":true,"showSkybox":true,"showFlares":true,"showImageEffects":true,"showParticleSystems":true},"in2DMode":false,"pivot":{"x":-1.1986573934555054,"y":0.34593549370765688,"z":1.1175254583358765},"rotation":{"x":-0.08271125704050064,"y":0.009564047679305077,"z":-0.0007966827251948416,"w":-0.9965274333953857},"size":7.061402320861816,"orthographic":false}